Year,Mo,Dy,Hr,Mn,Sec,Tsu,Location Name,Latitude,Longitude,Focal Depth (km),Mag,MMI Int,Total Deaths,Total Injuries,Total Damage ($Mil)
,,,,,,,,,,,,,,,
2000,3,28,11,0,22.5,,JAPAN:  VOLCANO ISLANDS,22.338,143.73,127,7.6,,,,
2000,5,4,4,21,16.2,2338,"INDONESIA:  SULAWESI:  LUWUK, BANGGAI, PELENG,",-1.105,123.573,26,7.6,,54,264,30
2000,6,4,16,28,26.1,,"INDONESIA:  SUMATRA:  BENGKULU, ENGGANO",-4.721,102.087,33,7.9,6,103,2174,6
2000,6,6,2,41,49.8,,"TURKEY:  CERKES, CUBUK, ORTA",40.693,32.992,10,6,7,2,80,
2000,6,7,21,46,54.9,,CHINA:  YUNNAN PROVINCE:  LIUKU; MYANMAR,26.836,97.176,15,6.3,,,,
2000,6,7,23,45,26.6,,INDONESIA:  SOUTHERN SUMATERA:  LAHAT,-4.612,101.905,33,6.7,,1,,
2000,6,10,18,23,29.3,,TAIWAN:  NAN-TOU,23.843,121.225,33,6.4,,2,36,
2000,6,17,15,40,41.7,,"ICELAND:  VESTMANNAEYJAR, HELLA",63.966,-20.487,10,6.5,,,1,20
2000,6,18,14,44,13.3,2341,"AUSTRALIA:  S, COCOS ISLANDS",-13.802,97.453,10,7.9,,,,
2000,6,21,0,51,46.8,,"ICELAND:  GRIMSNES, SELFOSS, EYRARBAKKI, STOKKSEYRI",63.98,-20.758,10,6.5,,,,12
2000,7,1,7,1,55.5,2340,JAPAN:  NEAR S COAST HONSHU:  KOZU-SHIMA,34.221,139.131,10,6.1,,1,,
2000,7,15,1,30,30.5,3508,JAPAN:  NEAR S COAST HONSHU:  NII-JIMA,34.319,139.26,10,6.1,,,10,
2000,7,16,3,21,45.5,5994,"PHILIPPINES:  BASCO, MOUNT IRADA, BATAN ISLANDS",20.253,122.043,33,6.4,,,6,
2000,7,30,12,25,45.5,3509,JAPAN:  HONSHU:  S,33.901,139.376,10,6.5,,,1,
2000,8,4,21,13,2.7,,"RUSSIA:  SAKHALIN ISLAND, UGLEGORSK, MAKAROV",48.786,142.246,10,6.8,6,,8,0.92
2000,10,2,2,25,31.3,,"TANZANIA:  NKANSI, RUKWA",-7.977,30.709,34,6.5,,,6,
2000,10,6,4,30,19.1,,"JAPAN:  HONSHU:  W:  OKAYAMA, TOTTORI",35.456,133.134,10,6.7,9,,130,150
2000,11,8,6,59,58.8,,PANAMA-COLOMBIA:  JURADO,7.042,-77.829,17,6.5,,,2,
2000,11,16,4,54,55.9,2352,"PAPUA NEW GUINEA:  NEW IRELAND, DUKE OF YORK",-4.001,152.327,17,8,,2,,
2000,11,16,7,42,16.9,,"PAPUA NEW GUINEA:  NEW IRELAND, NEW BRITAIN",-5.233,153.102,30,7.8,,,,
2000,11,17,21,1,56.4,,PAPUA NEW GUINEA:  NEW BRITAIN,-5.496,151.781,33,7.8,,,,
2000,11,25,18,9,11.4,,AZERBAIJAN:  BAKU,40.245,49.946,50,6.8,,31,430,
2000,12,6,17,11,6.4,,TURKMENISTAN:  NEBITDAG-TURKMENBASHI,39.566,54.799,30,7,,11,,
2000,12,15,16,44,47.6,,TURKEY:  AFYON-BOLVADIN,38.457,31.351,10,6,7,6,41,
2001,1,1,6,57,4.1,,PHILIPPINES:  MINDANAO,6.898,126.579,33,7.5,,,,
2001,1,13,17,33,32.3,5444,EL SALVADOR; GUATEMALA,13.049,-88.66,60,7.7,8,844,4723,753
2001,1,26,3,16,42.8,,"INDIA:  GUJARAT:  BHUJ, AHMADABAD, RAJOKOT; PAKISTAN",23.388,70.326,17,7.6,10,20005,166836,2623
2001,2,13,14,22,5.8,,EL SALVADOR: SAN JUAN TEPEZONTES-SAN VICENTE-COJUTEP,13.671,-88.938,10,6.6,6,315,3399,348.5
2001,2,28,18,54,32.8,,"WASHINGTON:  OLYMPIA, SEATTLE, TACOMA",47.149,-122.727,52,6.8,8,1,400,2000
2001,3,24,6,27,53.5,,"JAPAN:  HIROSHIMA, OKAYAMA, HONSHU, KAGAMA",34.083,132.526,50,6.8,9,2,161,500
2001,6,23,20,33,14.1,2373,"PERU:  AREQUIPA, MOQUEGUA, TACNA, AYACUCHO",-16.265,-73.641,33,8.4,8,103,2713,200
2001,7,5,13,53,48.3,,"PERU:  CARAVELI, CHALA, ARICA, IQUIQUE, PARINACOTA",-16.086,-73.987,62,6.6,,,,
2001,7,7,9,38,43.5,,"PERU:  AREQUIPA, ARICA",-17.543,-72.077,33,7.6,,1,30,
2001,7,26,0,21,36.9,,GREECE:  SKYROS,39.059,24.244,10,6.5,,,,
2001,10,12,5,2,34,5609,CANADA:  QUEEN CHARLOTTE ISLANDS,52.63,-132.2,20,6.1,,,,
2001,10,12,15,2,16.8,,GUAM,12.686,144.98,37,7,8,,1,
2001,10,19,3,28,44.4,,INDONESIA:  BANDA SEA,-4.102,123.907,33,7.5,,,,
2001,11,14,9,26,10,,CHINA:  QINGHAI PROVINCE:  XIDATAN,35.946,90.541,10,7.8,,,,
2001,12,18,4,2,58.2,2404,TAIWAN,23.954,122.734,14,6.8,,,,
2002,1,2,17,22,48.7,2397,"VANUATU ISLANDS:  EFATE, PORT VILA",-17.6,167.856,21,7.2,,,,
2002,1,10,11,14,56.9,,PAPUA NEW GUINEA:  AITAPE,-3.212,142.427,11,6.7,,1,,
2002,2,3,7,11,28.4,,TURKEY:  AFYON,38.573,31.271,5,6.5,,44,318,
2002,3,3,12,8,19.7,,"AFGHANISTAN:  HINDU KUSH:  SAMANGHAN, KABUL, RUSTAQ",36.502,70.482,226,7.4,,166,,
2002,3,5,21,16,9.1,2394,PHILIPPINES:  MINDANAO,6.033,124.249,31,7.5,,15,100,1.714
2002,3,25,14,56,33.8,,"AFGHANISTAN:  HINDU KUSH:  BAGHLAN, NAHRIN",36.062,69.315,8,6.1,,1000,200,
2002,3,26,3,45,48.7,2395,JAPAN:  RYUKYU ISLANDS,23.346,124.09,33,6.4,,,,
2002,3,31,6,52,50.4,2396,TAIWAN:  TAIPEI,24.279,122.179,33,7.1,,5,200,
2002,4,1,19,59,32.4,,"CHILE:  CENTRAL:  COQUIMBO, LA SERENA, OVALLE",-29.67,-71.384,71,6.4,,,,
2002,4,18,5,2,46.1,6033,MEXICO:  MEXICO CITY,16.985,-100.865,25,6.7,,,,
2002,4,18,16,8,36.7,,"CHILE:  COPIAPO, TALTAL",-27.535,-70.586,62,6.6,,,19,
2002,4,26,16,6,7,,GUAM,13.088,144.619,86,7.1,7,,5,
2002,5,28,4,4,22.5,,"ARGENTINA:  AMINGA, ANILLACO, AGUA BLANCA, CHUQUIS",-28.937,-66.797,22,6,8,,27,
2002,6,22,2,58,21.3,,IRAN:  AB GARM-ABHAR-AVAJ-SHIRIN SU,35.626,49.047,10,6.5,8,261,1300,300
2002,7,31,0,16,44.6,,"PANAMA:  BARU, ALANJE, DAVID; COSTA RICA:  LAUREL",7.929,-82.793,10,6.5,7,,11,
2002,8,14,13,57,52.1,,NORTHERN MARIANA ISLANDS:  SAIPAN,14.101,146.199,30,6.5,,,,
2002,8,15,5,30,26.2,,INDONESIA:   SULAWESI:  TOJO,-1.196,121.333,10,6.2,,48,,
2002,8,19,11,1,1.1,,FIJI ISLANDS,-21.696,-179.513,580,7.7,,,,
2002,8,19,11,8,24.3,,FIJI ISLANDS,-23.884,178.495,675,7.7,,,,
2002,9,6,1,21,28.6,,ITALY:  SICILY:  PALERMO,38.381,13.701,5,6,,2,20,500
2002,9,8,18,44,25.5,2398,"PAPUA NEW GUINEA:  KAIRIRU IS, MUSCHU IS, WEWAK",-3.26,142.94,13,7.6,,4,70,
2002,9,13,22,28,29.4,2399,"INDIA:  ANDAMAN ISLANDS:  RONGAT, DIGLIPUR,ARIEL BAY",13.036,93.068,21,6.5,,2,,
2002,9,20,15,43,35.4,,INDONESIA:  NEW GUINEA:  IRIAN JAYA:  RANSIKI,-1.68,134.234,10,6.4,,,,
2002,10,10,10,50,20.5,2400,"INDONESIA: NEW GUINEA: MANOKWARI, ORANSBARI, RANSIKI",-1.757,134.297,10,7.6,,8,632,
2002,10,23,11,27,19.4,,"ALASKA:  CANTWELL, DENALI NATL PARK",63.514,-147.912,4,6.7,8,,,
2002,10,24,6,8,37.9,,"CONGO: GOMA, LWIRO, BUKAVU; RWANDA:  MUGERA, KIGALI",-1.884,29.004,11,6.2,,2,,
2002,11,2,1,26,10.7,,INDONESIA:  SUMATERA:  SIMEULUE,2.824,96.085,30,7.3,,3,65,
2002,11,3,22,12,41,,"ALASKA:  SLANA, MENTASTA LAKE, FAIRBANKS",63.517,-147.444,5,7.9,9,,1,56
2002,11,20,21,32,30.8,,"PAKISTAN:  DASHKIN, DOIAN, MUSHKIN",35.414,74.515,33,6.3,,19,40,
2003,1,20,8,43,6,2401,"SOLOMON ISLANDS:  HONIARA, SAN CRISTOBAL",-10.491,160.77,33,7.3,,,,
2003,1,22,2,6,34.6,2402,"MEXICO:  VILLA DE ALVAREZ, COLIMA, TECOMAN, JALISCO",18.77,-104.104,24,7.5,8,29,1073,116.3
2003,1,27,5,26,23,,"TURKEY:  SAGLAMTAS, PULUMUR",39.5,39.878,10,6.1,,1,,
2003,2,15,11,1,59.8,5995,"PHILIPPINES: MASBATE, DIMASALANG",12.168,124.079,10,6.3,6,,,
2003,2,24,2,3,41.4,,CHINA:  S. XINJIANG:  BACHU,39.61,77.23,11,6.3,,261,4000,
2003,3,25,2,53,25,,INDONESIA:  FLORES:  REO,-8.294,120.743,33,6.5,,4,20,
2003,4,17,0,48,38.5,,CHINA:  QINGHAI PROVINCE:  DELINGHA,37.529,96.476,14,6.4,,,,
2003,5,1,0,27,4.7,,TURKEY:  BINGOL,39.007,40.464,10,6.4,,177,521,
2003,5,21,18,44,20.1,2403,"ALGERIA:  ALGIERS, BOUMERDES, REGHIA, THENIA",36.964,3.634,12,6.8,10,2287,11000,5000
2003,5,26,9,24,33.4,,"JAPAN:  HONSHU:  IWATE, MIYAGI, YAMAGATA, AKITA",38.849,141.568,68,7,,,143,233
2003,5,26,19,23,27.9,,"INDONESIA:  MOROTAI, BEREBERE, DARUBA",2.354,128.855,31,7,,1,7,
2003,6,20,13,30,41.6,,"CHILE:  OVALLE, COQUIMBO; ARGENTINA:  SAN JUAN",-30.608,-71.637,33,6.8,6,,1,
2003,7,15,20,27,50.5,,INDIAN OCEAN:  FELT IN MALDIVES,-2.598,68.382,10,7.6,,,,
2003,8,4,4,37,20.1,5774,SCOTIA SEA:  SOUTH ORKNEY ISLANDS: LAURIE IS,-60.532,-43.411,10,7.6,,,,
2003,8,11,0,19,9.2,,INDONESIA:  HALMAHERA:  WASILE,1.142,128.152,10,6,,,,
2003,8,14,5,14,54.7,5791,"GREECE:  LEFKADA, PREVEZA",39.16,20.605,10,6.3,,,50,
2003,8,21,12,12,49.7,2953,"NEW ZEALAND:  DUNEDIN,INVERCARGILL,TE ANAU,FIORDLAND",-45.104,167.144,28,7.2,,,,
2003,9,21,18,16,13.4,,MYANMAR (BURMA):  TAUNGDWINGYI; THAILAND:  BANGKOK,19.917,95.672,10,6.6,,7,43,
2003,9,22,4,45,36.2,,"DOMINICAN REPUBLIC:  PUERTO PLATA, SANTIAGO",19.777,-70.673,10,6.4,10,3,15,
2003,9,25,19,50,6.3,2406,JAPAN:  HOKKAIDO,41.815,143.91,27,8.3,,2,849,90
2003,9,27,11,33,25,,"RUSSIA:  KOSH-AGACH, UST'-ULAGAN, ONGUDAI, SHEBALINO",50.038,87.813,16,7.3,10,3,5,10.6
2003,10,1,1,3,25.2,,"RUSSIA:  KOSH-AGACH, BARNAUL, GORNO-ALTAYSK",50.211,87.721,10,6.7,,,,
2003,10,31,1,6,28.2,2428,JAPAN:  EAST COAST HONSHU,37.812,142.619,10,7,,,,
2003,11,17,6,43,6.8,2429,ALASKA:  ALEUTIAN ISLANDS:  RAT ISLANDS,51.146,178.65,33,7.8,,,,
2003,11,18,17,14,22.6,,PHILIPPINES:  SAMAR:  CAN-AVID,12.025,125.416,35,6.5,7,1,21,
2003,12,1,1,38,31.9,,CHINA:  XINJIANG:  ZHAOSU,42.905,80.515,10,6,,11,47,
2003,12,10,4,38,11.5,,"TAIWAN:  T'AI-TUNG, KAO-HSIUN",23.039,121.362,10,6.8,,,1,
2003,12,22,19,15,56,,"CALIFORNIA:  PASO ROBLES,TEMPLETON,ATASCADERO",35.706,-121.102,8,6.6,8,2,47,263
2003,12,25,7,11,11.5,,PANAMA-COSTA RICA:  PUERTO ARMUELLES,8.416,-82.824,33,6.5,,2,75,
2003,12,26,1,56,52.4,,"IRAN:  SOUTHEASTERN:  BAM, BARAVAT",28.995,58.311,10,6.6,9,31000,30000,500
2003,12,27,16,0,59,3015,NEW CALEDONIA:  LOYALTY ISLANDS,-22.015,169.766,10,7.3,,,,
2004,1,1,23,31,50,,"MEXICO:  GUERRERO, MEXICO CITY",17.488,-101.303,29,6.1,,,,
2004,1,3,16,23,21,5961,NEW CALEDONIA:  LOYALTY ISLANDS,-22.253,169.683,22,7.1,,,,
2004,1,28,22,15,30.7,2434,INDONESIA:  SERAM,-3.12,127.4,17,6.7,,,,
2004,2,4,11,59,47.6,,PANAMA-COSTA RICA:  CHIRIQUI,8.358,-82.877,29,6.1,,,4,
2004,2,5,21,5,2.8,,INDONESIA:  NABIRE,-3.615,135.538,17,7,,37,682,1
2004,2,7,2,42,35.2,,INDONESIA:  NABIRE,-4.003,135.023,10,7.3,,,,
2004,2,22,6,46,27,,INDONESIA:  SUMATRA:  PESISIR SELATAN,-1.559,100.488,42,6,,,1,
2004,2,24,2,27,46.2,,"MOROCCO:  AL HOCEIMA, IMZOURENE, BENI ABDALLAH",35.142,-3.997,0,6.4,9,628,926,400
2004,4,5,21,24,4,,"AFGHANISTAN:  HINDU KUSH:  KABUL, SAMANGAN; PAKISTAN",36.512,71.029,187,6.5,,3,5,
2004,4,23,1,50,30.2,,INDONESIA:  TIMOR: KUPANG,-9.362,122.839,66,6.7,,,,
2004,5,3,4,36,50,,CHILE: CANETE,-37.695,-73.406,21,6.6,6,,,
2004,5,28,12,38,44.4,,"IRAN:  MAZANDARAN, QAZVIN, TEHRAN",36.29,51.61,17,6.3,8,35,400,165
2004,9,5,10,7,7.8,2436,JAPAN:  HONSHU:  W COAST: KYOTO,33.07,136.618,14,7.2,,,4,
2004,9,5,14,57,18.6,2437,"JAPAN:  HONSHU:  W COAST: KYOTO, WAKAYAMA, SAKAI",33.184,137.071,10,7.4,,,40,
2004,9,7,11,53,6.1,,ARGENTINA: CATAMARCA,-28.573,-65.84,22,6.1,,1,,
2004,9,28,17,15,24.2,,"CALIFORNIA:  CENTRAL: PARKFIELD, SAN MIGUEL",35.819,-120.364,9,6,6,,,
2004,10,15,4,8,50.2,,TAIWAN:  T'AO-YUAN,24.53,122.694,94,6.6,,,,
2004,10,23,8,56,0.8,,JAPAN:  HONSHU:  NIIGATA PREFECTURE,37.226,138.779,16,6.6,,40,3183,28000
2004,11,2,10,2,12.8,3012,CANADA:  VANCOUVER ISLAND,49.277,-128.772,10,6.6,,,,
2004,11,11,21,26,41.1,3013,INDONESIA:  KEPULAUAN ALOR,-8.152,124.868,10,7.5,,34,400,
2004,11,15,9,6,56.5,,"COLOMBIA:  BAJO BAUDO, BUENAVENTURA, CERRITO",4.695,-77.508,15,7.2,,,10,
2004,11,20,8,7,22,,"COSTA RICA:  SAN JOSE, PARRITA, QUEPOS",9.602,-84.172,16,6.4,,8,,
2004,11,21,11,41,7.7,2693,"GUADELOUPE:  BASSE-TERRE, LES SAINTES",15.679,-61.706,14,6.3,,1,12,155
2004,11,22,20,26,23.9,5517,"NEW ZEALAND:  INVERCARGILL, SOUTHLAND, OTAGO",-46.676,164.721,10,7.1,,,,
2004,11,26,2,25,3.3,,INDONESIA:  NABIRE,-3.609,135.404,10,7.1,8,32,130,55
2004,11,28,18,32,14.1,2921,"JAPAN:  HOKKAIDO:  BEKKAI, KUSHIRO, NEMOURO",43.006,145.119,39,7,,,24,
2004,12,6,14,15,11.8,,JAPAN:  HOKKAIDO:  KUSHIRO,42.9,145.228,35,6.8,,,4,
2004,12,23,14,59,4.4,3014,AUSTRALIA:  MACQUARIE ISLAND,-49.312,161.345,10,8.1,,,,
2004,12,26,0,58,53.5,2439,INDONESIA:  SUMATRA:  ACEH:  OFF WEST COAST,3.295,95.982,30,9.1,,227899,,10000
2005,1,19,6,11,36.4,2466,JAPAN:  EAST COAST HONSHU,34.064,141.491,28,6.6,,,,
2005,1,23,20,10,12.1,,INDONESIA:  SULAWESI:  PALU,-1.198,119.933,11,6.3,,1,4,
2005,1,24,23,23,26.1,,"ECUADOR:  NEAR WEST COAST:  PUERTO LOPEZ, SALANGO",-1.364,-80.785,17,6.1,,,,
2005,2,14,23,38,8.6,,CHINA:  XINJIANG PROVINCE:  WUSHI,41.728,79.44,22,6.1,,,,
2005,2,22,2,25,22.9,,IRAN:  KERMAN PROVINCE:  ZARAND,30.754,56.816,14,6.4,,612,1411,
2005,3,13,3,31,23,,IRAN:  SARAVAN,27.095,61.887,54,6,,,,
2005,3,20,1,53,41.8,,"JAPAN:  KYUSHU:  FUKUOKA, GENKAI",33.807,130.131,10,6.6,,1,500,
2005,3,28,16,9,36.5,2487,INDONESIA:  SUMATERA:  SW,2.085,97.108,30,8.6,,1319,340,37.36
2005,4,10,10,29,11.2,2507,INDONESIA:  PADANG,-1.644,99.607,19,6.7,5,,,
2005,6,13,22,44,33.9,,CHILE:  TARAPACA,-19.987,-69.197,116,7.7,,11,200,5.05
2005,6,15,2,50,53.1,2547,CALIFORNIA:  OFF COAST NORTHERN,41.301,-125.97,10,7.2,4,,,
2005,7,5,1,52,2.9,,INDONESIA:  SUMATRA:  NIAS ISLAND:  GUNUNGSITOLI,1.819,97.082,21,6.7,,,,
2005,7,24,15,42,6.2,,"INDIA:  ANDAMAN ISLANDS,  NICOBAR ISLANDS",7.92,92.19,16,7.2,,,,
2005,8,16,2,46,28.4,2548,JAPAN:  EAST COAST HONSHU,38.276,142.039,36,7.2,,,56,
2005,9,9,7,26,43.7,,PAPUA NEW GUINEA:  NEW IRELAND,-4.539,153.474,90,7.7,,,,
2005,9,26,1,55,37.6,,"PERU:  LAMAS, CHACHAPOYAS, MOYOBAMBA, TARAPOTA",-5.678,-76.398,115,7.5,,5,60,
2005,10,8,3,50,39.1,,"PAKISTAN:  MUZAFFARABAD, URI, ANANTNAG, BARAMULA",34.451,73.649,15,7.6,8,76213,146599,6680
2005,11,14,21,38,51.4,2590,JAPAN:  EAST COAST HONSHU,38.107,144.896,11,7,,,,
2005,11,27,10,22,19.1,,"IRAN:  QESHM, ZIRANG",26.774,55.858,10,6,,13,100,
2005,12,5,12,19,56.6,,CONGO:  KALEMIE,-6.224,29.83,22,6.8,4,6,,
2005,12,12,21,47,46,,"AFGHANISTAN:  TILI, JALALABAD, BADAKHSHAN",36.357,71.093,225,6.5,,5,1,
2006,1,8,11,34,55.6,,GREECE:  SOUTHERN,36.311,23.212,66,6.7,,,3,
2006,1,27,16,58,53.6,,INDONESIA:  BANDA SEA,-5.473,128.131,397,7.6,,,,
2006,2,22,22,19,7.8,,MOZAMBIQUE,-21.324,33.583,11,7,5,4,36,
2006,2,28,7,31,2.6,,IRAN:  SOUTHERN,28.12,56.865,18,6,,,6,
2006,3,14,6,57,33.8,2875,INDONESIA:  SERAM,-3.595,127.214,30,6.7,,4,,
2006,3,31,1,17,0.9,,"IRAN:  WESTERN:  BORUJERD, DORUD",33.5,48.78,7,6.1,,70,1300,
2006,4,1,10,2,19.5,,TAIWAN:  T'AIT-TUNG,22.868,121.278,9,6.2,,,42,
2006,4,20,23,25,2.1,,RUSSIA:  KORYAKSKIY,60.949,167.089,22,7.6,,,40,55
2006,5,3,15,26,40.2,2749,TONGA ISLANDS,-20.187,-174.123,55,7.9,7,,1,
2006,5,26,22,53,58.9,,"INDONESIA:   JAVA:  BANTUL, YOGYAKARTA",-7.961,110.446,13,6.3,,5749,38568,3100
2006,6,5,6,27,7,6043,BRAZIL: ARQUIPELAGO DE SAO PEDRO E SAO PAULO,1.175,-28.065,10,6,,,,
2006,6,11,20,1,26.3,,JAPAN:  KYUSHU,33.129,131.141,140,6.3,,,8,
2006,7,17,8,19,26,2832,INDONESIA:  JAVA,-9.284,107.419,20,7.7,,802,498,55
2006,9,28,6,22,9.7,2972,SAMOA ISLANDS,-16.592,-172.033,28,6.9,4,,,
2006,9,29,13,8,26.1,,TRINIDAD:  PORT-OF-SPAIN,10.876,-61.756,53,6.1,,,3,
2006,10,15,17,7,49.2,3017,HAWAIIAN ISLANDS,19.878,-155.935,39,6.7,8,,,150
2006,10,20,10,48,56,,PERU:  CENTRAL,-13.457,-76.677,23,6.7,4,,,
2006,10,23,21,17,19,5910,JAPAN:  IZU ISLANDS,29.351,140.27,11,6.4,,,,
2006,11,15,11,14,13.5,3016,RUSSIA:  KURIL ISLANDS,46.592,153.266,10,8.3,,,1,
2006,11,29,1,32,17.9,,INDONESIA:  HALMAHERA:  MOROTAI,2.52,128.283,39,6.2,,,,
2006,12,1,14,1,47.5,,INDONESIA:  SUMABAWA:  BIMA,-8.251,118.777,43,6.3,,1,14,
2006,12,26,12,26,21.1,3622,TAIWAN:  PINGTUNG,21.799,120.547,10,7,,2,40,
2007,1,8,17,21,50.2,,KYRGYZSTAN:  ISFARIA,39.803,70.311,18,6,,,,
2007,1,13,4,23,21.1,3019,RUSSIA:  KURIL ISLANDS,46.243,154.524,10,8.1,,,,
2007,1,21,11,27,45,,INDONESIA:  MOLUCCA ISLANDS:  N,1.065,126.282,22,7.5,,4,4,
2007,3,6,3,49,38.9,,INDONESIA:  SUMATRA:  SOUTHERN,-0.493,100.498,19,6.4,8,67,826,
2007,3,25,0,40,1.6,3038,VANUATU ISLANDS,-20.617,169.357,34,7.1,,,,
2007,3,25,0,41,57.8,3035,JAPAN:  HONSHU:  W COAST,37.336,136.588,8,6.7,5,1,359,
2007,4,1,20,39,56.3,3037,SOLOMON ISLANDS,-8.466,157.043,24,8.1,,52,,
2007,4,13,5,42,23,,"MEXICO:  GUERRERO, ATOYAC",17.302,-100.198,34,6,5,,,
2007,4,21,17,53,46.3,3044,CHILE:  SOUTHERN,-45.243,-72.648,37,6.2,7,10,,
2007,5,16,8,56,16.4,,"LAOS:  BOKEO;  THAILAND:  CHIANG RAI, CHIAN SAEN",20.504,100.746,24,6.3,,,,
2007,5,29,9,36,5.6,,INDONESIA: LABUHA,-1.065,127.343,24,6.1,,,,
2007,6,2,21,34,57.7,,CHINA:  YUNNAN PROVINCE:  NING'ER,23.028,101.052,5,6.1,,3,329,310
2007,6,13,19,29,40.1,,GUATEMALA:  GUATEMALA CITY,13.554,-90.618,23,6.7,,,,
2007,7,16,1,13,22,3104,JAPAN:  HONSHU:  W COAST,37.57,138.478,10,6.6,,9,1088,12500
2007,7,26,5,40,16.1,,INDONESIA:  MALUKU:  N,2.872,127.464,25,6.9,,,,
2007,8,1,17,8,51.4,,VANUATU ISLANDS:  LUGANVILLE,-15.595,167.68,120,7.2,,,,
2007,8,2,2,37,42.3,3155,RUSSIA:  TATAR STRAIT,47.116,141.798,5,6.2,,2,14,347.7
2007,8,2,3,21,42.8,3156,ALASKA:  ALEUTIAN ISLANDS,51.307,-179.971,21,6.7,,,,
2007,8,8,17,4,58,,INDONESIA:  JAVA,-5.968,107.655,289,7.5,,,,
2007,8,15,23,40,57.8,3168,"PERU:  ICA, PISCO, LIMA",-13.386,-76.603,39,8,8,596,1292,600
2007,9,2,1,5,18.1,3598,SOLOMON ISLANDS:  SANTA CRUZ ISLANDS,-11.61,165.762,35,7.2,,,,
2007,9,10,1,49,14.2,,"COLOMBIA:  NARINO, EL CHARCO, ISCUANDE, LA TOLA",2.982,-77.967,31,6.8,,,5,
2007,9,12,11,10,26.8,3228,INDONESIA:  SUMATRA,-4.438,101.367,34,8.4,,25,161,
2007,9,12,23,49,3.7,,INDONESIA:  SUMATRA,-2.625,100.841,35,7.9,,,,
2007,9,28,13,38,57.8,,JAPAN:  VOLCANO ISLANDS,22.013,142.668,260,7.5,,,,
2007,9,30,5,23,34,3248,NEW ZEALAND:  AUCKLAND ISLANDS,-49.418,163.954,10,7.4,,,,
2007,10,15,12,29,36,,NEW ZEALAND:  SOUTH ISLAND:  FIORDLAND,-44.785,167.583,26,6.8,,,,
2007,11,14,15,40,50.5,3293,"CHILE:  TOCOPILLA, MARIA ELENA",-22.247,-69.89,40,7.7,8,2,65,
2007,11,16,3,13,0.1,,PERU-ECUADOR:  GUAYAQUIL,-2.312,-77.838,123,6.8,,,,
2007,11,25,16,2,17.9,,INDONESIA:  SUMBAWA ISLAND,-8.277,118.339,35,6.5,,3,,
2007,11,29,19,0,20.4,5441,MARTINIQUE,14.944,-61.274,156,7.4,,1,102,103
2007,12,9,7,28,20.8,3599,KERMADEC ISLANDS,-25.996,-177.514,153,7.8,,,,
2007,12,20,7,55,15.8,,NEW ZEALAND:  OFF COAST NORTH ISLAND,-39.011,178.291,20,6.6,7,1,,
2008,1,22,17,14,57.9,,INDONESIA:  SUMATRA:  NIAS ISLAND:  GUNUNGSITOLI,1.011,97.442,20,6.1,,1,5,
2008,2,20,8,8,30.5,,INDONESIA:  SUMATERA:  ACEH PROVINCE,2.768,95.964,26,7.4,,3,25,
2008,2,21,14,16,2.7,,NEVADA:  WELLS,41.153,-114.867,7,6,8,,3,8.385
2008,2,25,8,36,33,3382,INDONESIA:  SUMATRA:  PADANG,-2.486,99.972,25,6.5,,,,
2008,3,20,22,32,57.9,,CHINA:  XINJIANG PROVINCE,35.49,81.467,10,7.2,,,,
2008,4,9,12,46,12.7,3505,NEW CALEDONIA:  LOYALTY ISLANDS,-20.071,168.892,33,7.3,,,,
2008,4,15,3,3,4.6,,GUATEMALA,13.564,-90.599,33,6.1,,,,
2008,4,28,18,33,34.2,3601,VANUATU ISLANDS,-19.941,168.953,32,6.4,,,,
2008,5,7,16,45,20.2,,JAPAN:  HONSHU:  E COAST,36.158,141.521,39,6.8,,,6,
2008,5,12,6,28,0.5,3586,CHINA:  SICHUAN PROVINCE,30.98,103.396,10,7.9,9,87652,374171,86000
2008,5,25,8,21,48.7,,CHINA:  SICHUAN PROVINCE,32.57,105.424,10,6,,8,927,
2008,5,29,15,46,0.4,,ICELAND: REYKJAVIK,64.004,-21.012,10,6.3,,,30,
2008,6,8,12,25,29.7,,"GREECE:  ACHAIA, ILEIA",37.963,21.525,16,6.3,,2,240,
2008,6,13,23,43,45.3,5888,JAPAN:  HONSHU:  TOKYO,39.03,140.881,8,6.9,,23,357,
2008,7,5,2,12,4.4,,RUSSIA:  SEA OF OKHOTSK,53.882,152.886,633,7.7,,,,
2008,7,8,9,13,7.4,,PERU:  AREQUIPA,-15.986,-71.748,123,6.2,,1,,
2008,7,19,2,39,28.7,3558,JAPAN:  OFF EAST COAST OF HONSHU ISLAND,37.552,142.214,22,6.9,,,,
2008,7,23,15,26,19.9,,JAPAN:  HONSHU:  N,39.802,141.464,108,6.8,,1,200,
2008,8,5,9,49,17.2,,CHINA:  SICHUAN PROVINCE,32.756,105.494,6,6,,4,29,
2008,8,15,10,25,16.5,,PHILIPPINES:  LUZON:  LEGASPI,12.897,124.319,10,6,,,,
2008,8,21,12,24,32.4,,CHINA:  YUNNAN PROVINCE,25.09,97.838,14,6,,5,127,
2008,8,25,13,21,58.8,,CHINA:  TIBET (XIZANG PROVINCE),30.901,83.52,12,6.7,8,,,
2008,8,27,1,35,32.1,,RUSSIA: LAKE BAYKAL (BAIKAL),51.607,104.158,16,6.2,8,,,
2008,9,10,11,0,34,,IRAN:  HORMOZGAN PROVINCE,26.743,55.828,12,6.1,,7,45,
2008,9,11,0,20,50.9,3589,JAPAN:  HOKKAIDO,41.892,143.754,25,6.8,,,,
2008,10,5,15,52,49.4,,KYRGYZSTAN: NURA,39.533,73.824,27,6.6,,74,140,
2008,10,6,8,30,45.5,,CHINA:  TIBET (XIZANG PROVINCE),29.807,90.35,12,6.3,,9,19,
2008,10,28,23,9,57.6,,PAKISTAN:  QUETTA,30.639,67.351,15,6.4,6,215,320,
2008,10,29,11,32,43.1,,PAKISTAN:  ZIARAT,30.598,67.455,14,6.4,,,1,
2008,11,10,1,22,2.5,,CHINA:  QINGHAI PROVINCE,37.565,95.833,19,6.3,,,3,4
2008,11,16,17,2,32.7,3623,INDONESIA:  MINAHASSA PENINSULA,1.271,122.091,30,7.3,,6,77,
2008,11,19,6,11,20.7,,"PANAMA:  PASO CANOA, DAVID, PUERTO ARMUELLES",8.267,-82.967,32,6.1,,,,
2009,1,3,19,43,50.6,3647,PAPUA NEW GUINEA:  NEAR NORTH COAST,-0.414,132.885,17,7.6,,5,250,
2009,1,3,22,33,40.2,3649,PAPUA NEW GUINEA:  NEAR NORTH COAST,-0.691,133.305,23,7.3,,,,
2009,1,8,19,21,35.6,,COSTA RICA:  LA PAZ,10.165,-84.197,14,6.1,,23,100,502
2009,1,15,17,49,39,3691,RUSSIA:  KURIL ISLANDS,46.857,155.154,36,7.4,,,,
2009,2,11,17,34,50.8,3692,INDONESIA:  KEPULAUAN TALAUD,3.884,126.397,22,7.2,,,64,
2009,3,19,18,17,40.9,4312,TONGA ISLANDS,-23.046,-174.659,34,7.6,,,,
2009,4,6,1,32,39,,ITALY:  L'AQUILA,42.334,13.334,9,6.3,,309,1500,2500
2009,5,28,8,24,45,4356,HONDURAS:  NORTHERN; BELIZE,16.72,-86.236,10,7.3,,7,40,100
2009,6,2,2,17,3.5,,VANUATU ISLANDS:  TONGOA,-17.757,167.949,15,6.3,,,4,
2009,6,23,14,19,22,5960,PAPUA NEW GUINEA:  SOLOMON SEA,-5.157,153.782,64,6.7,5,,,
2009,7,1,9,30,10.4,5713,GREECE:  CRETE,34.164,25.471,19,6.4,2,,,
2009,7,4,6,49,35.5,,PANAMA: PANAMA CITY,9.59,-78.966,38,6,5,,32,
2009,7,15,9,22,29,4376,NEW ZEALAND:  OFF WEST COAST OF SOUTH ISLAND,-45.762,166.562,12,7.8,,,,
2009,8,10,19,55,35.6,4419,INDIA:  ANDAMAN I,14.099,92.888,5,7.5,,,,
2009,8,10,20,7,9.1,4418,JAPAN:  HONSHU:  S COAST,34.743,138.264,40,6.4,,1,123,
2009,8,16,7,38,21.7,4482,INDONESIA:  SUMATRA:  PADANG,-1.479,99.49,20,6.7,,,9,
2009,8,28,1,52,6.6,,CHINA:  QINGHAI PROVINCE,37.696,95.718,13,6.2,,,,
2009,9,2,7,55,1,5734,INDONESIA:  JAVA,-7.782,107.297,46,7,,81,1297,
2009,9,6,22,41,37.3,,GEORGIA:  NORTHWESTERN,42.66,43.443,15,6,,,1,
2009,9,12,20,6,24.6,,VENEZUELA:  CARABOBO,10.705,-67.92,10,6.3,,,18,
2009,9,21,8,53,5.9,,BHUTAN:  TASHIGANG,27.332,91.437,14,6.1,,11,,
2009,9,29,17,48,10.9,4440,SAMOA ISLANDS,-15.489,-172.095,18,8.1,,192,7,285
2009,9,30,10,16,9.2,4441,INDONESIA:  SUMATRA:  PADANG,-0.72,99.867,81,7.5,,1117,1214,2200
2009,10,1,1,52,27.3,,INDONESIA:  SUMATRA:  SOUTHERN:  KERINCI,-2.515,101.501,10,6.6,,3,,10
2009,10,7,22,3,14.4,4442,VANUATU ISLANDS,-13.006,166.51,45,7.6,,,,
2009,10,7,22,18,51.2,,SOLOMON ISLANDS:  SANTA CRUZ ISLANDS,-12.517,166.382,35,7.8,,,,
2009,10,22,19,51,27.5,,AFGHANISTAN:  HINDU KUSH,36.517,70.95,18,6.1,,5,,
2009,11,8,19,41,43.3,,INDONESIA:  SUMABAWA:  BIMA,-8.207,118.631,18,6.6,,2,200,2.43
2009,12,19,13,2,17,,TAIWAN:  HUALIEN,23.796,121.605,57,6.4,,,14,
2009,12,19,23,19,15.5,,MALAWI:  KARONGA,-10.108,33.818,6,6,,3,250,
2010,1,3,21,48,5.3,4522,SOLOMON ISLANDS,-8.743,157.477,26,6.6,,,,
2010,1,3,22,36,27.9,4523,SOLOMON ISLANDS,-8.799,157.346,25,7.1,,,,
2010,1,5,12,15,32.2,4542,SOLOMON ISLANDS,-9.019,157.551,15,6.8,,,,
2010,1,10,0,27,39.3,,CALIFORNIA:  OFF COAST NORTHERN,40.652,-124.692,29,6.5,,,35,43
2010,1,12,21,53,10,4622,HAITI:  PORT-AU-PRINCE,18.457,-72.533,13,7,,316000,300000,8000
2010,2,26,20,31,26.9,4782,"JAPAN:  TORI SHIMA, OKINAWA",25.93,128.425,25,7,,,2,
2010,2,27,6,34,11.5,4682,"CHILE:  MAULE, CONCEPCION, TALCAHUANO",-36.122,-72.898,22,8.8,9,558,12000,30000
2010,2,27,15,45,36.7,,ARGENTINA:  SALTA,-24.836,-65.457,15,6.3,7,2,2,
2010,3,4,0,18,51.2,,TAIWAN:  KAO-HSIUNG,22.918,120.795,21,6.3,,,96,1000
2010,3,8,2,32,34.7,,"TURKEY:  ELAZIG PROVINCE:  OKCULAR, YUKARI DEMIRCI",38.864,39.986,12,6.1,,51,100,
2010,3,11,14,39,43.9,4722,CHILE:  RANCAGUA,-34.29,-71.891,11,6.9,,,,
2010,3,30,16,54,46.7,,INDIA: ANDAMAN ISLANDS:  DIGLIPUR,13.667,92.831,34,6.7,,,10,
2010,4,4,22,40,43.1,,MEXICO:  BAJA CALIFORNIA,32.297,-115.278,4,7.2,,2,233,1150
2010,4,6,22,15,1.5,4763,INDONESIA:  SUMATRA,2.383,97.048,31,7.8,,,,
2010,4,13,23,49,38.3,,CHINA:  QINGHAI PROVINCE:  YUSHU,33.165,96.548,17,6.9,,2968,12135,500
2010,5,6,2,42,47.9,,PERU:  TACNA,-18.058,-70.547,37,6.2,,,11,
2010,5,9,5,59,41.6,,INDONESIA:  N. SUMATRA: SIMEULUE ISLAND,3.748,96.018,38,7.2,,,,
2010,5,27,17,14,46,5959,VANUATU ISLANDS,-13.698,166.643,31,7.2,5,,,
2010,6,12,19,26,50.4,4902,INDIA:  LITTLE NICOBAR ISLAND,7.881,91.936,35,7.5,6,,,
2010,6,16,3,16,27.5,,INDONESIA: NEW GUINEA:  IRIAN JAYA: JAPEN,-2.174,136.543,18,7,6,17,,
2010,6,30,7,22,27.6,,MEXICO:  SAN ANDRES HUAXPALTEPEC,16.396,-97.782,20,6.2,,1,,
2010,7,18,13,34,59,5958,PAPUA NEW GUINEA:  NEW BRITAIN,-5.931,150.59,35,7.3,7,,,
2010,7,23,22,51,12.4,,PHILIPPINES:  CELEBES SEA:  MORO GULF,6.486,123.467,586,7.6,4,,,
2010,8,10,5,23,44.9,5222,VANUATU ISLANDS,-17.541,168.069,25,7.2,7,,,
2010,8,12,11,54,15.5,,"ECUADOR:  MANTA, GUAYAQUIL, LOJA",-1.266,-77.306,207,7.1,,,,
2010,8,13,21,19,33,5343,"GUAM, NORTHERN MARIANA ISLANDS",12.484,141.476,10,6.9,,,,
2010,9,3,16,35,47.7,,NEW ZEALAND:  CHRISTCHURCH,-43.522,171.83,12,7,9,,2,6500
2010,10,25,14,42,22,5342,INDONESIA:  SUMATRA,-3.487,100.082,20,7.8,,431,,39
2010,12,20,18,41,59.2,,IRAN:  KERMAN,28.412,59.18,12,6.5,,7,25,
2010,12,21,17,19,40.6,5402,JAPAN:  BONIN ISLANDS,26.901,143.698,14,7.4,,,,
2010,12,25,13,16,37,5403,VANUATU ISLANDS,-19.702,167.947,16,7.3,,,4,
2011,1,9,10,3,44.2,5419,VANUATU ISLANDS,-19.157,168.311,24,6.5,,,,
2011,1,13,16,16,41,5957,NEW CALEDONIA:  LOYALTY ISLANDS,-20.628,168.471,9,7,2,,,
2011,1,18,20,23,23.4,,"PAKISTAN: GARHI KHAIRO, QUETTA, BALOCHISTAN",28.777,63.951,68,7.2,,3,,
2011,2,4,13,53,46.2,,MYANMAR (BURMA):  MONYWA,24.618,94.68,85,6.3,,1,,
2011,2,11,20,5,30.7,5406,CHILE:  OFF COAST CENTRAL,-36.474,-73.125,28,6.8,,,,
2011,2,21,23,51,42.3,5407,"NEW ZEALAND:  CHRISTCHURCH, LYTTELTON",-43.583,172.68,6,6.1,,185,1500,15000
2011,3,9,2,45,20,5412,JAPAN:  HONSHU:  E COAST,38.435,142.842,32,7.3,,,,
2011,3,9,21,24,1,5931,JAPAN:  SANRIKU,38.296,142.808,15,6.5,3,,,
2011,3,11,5,46,24.1,5413,JAPAN:  HONSHU,38.297,142.373,29,9.1,,18428,6167,220136.6
2011,3,11,6,15,40.2,,JAPAN:  NEAR E COAST HONSHU,36.281,141.111,43,7.9,,,,
2011,3,11,6,25,50.3,,JAPAN:  OFF EAST COAST HONSHU,38.058,144.59,19,7.6,,,,
2011,3,24,13,55,12,,MYANMAR: TACHILEK; THAILAND,20.687,99.822,8,6.8,6,104,123,3.6
2011,4,7,14,32,43.2,5429,JAPAN: NEAR E COAST HONSHU,38.276,141.588,42,7.1,,3,132,
2011,4,11,8,16,12.7,,JAPAN:  HONSHU,37.001,140.401,11,6.6,,7,,
2011,4,24,23,7,51.4,,INDONESIA:   SULAWESI:  KENDARI,-4.586,122.771,8,6.1,,,14,
2011,5,10,8,55,9,5721,NEW CALEDONIA:  LOYALTY ISLANDS,-20.244,168.226,11,6.8,2,,,
2011,6,13,2,20,49.3,,NEW ZEALAND:  SOUTH ISLAND:  CANTERBURY,-43.564,172.743,6,6,,1,45,3000
2011,6,24,3,9,39.4,5432,ALASKA: ALEUTIAN ISLANDS: FOX ISLANDS,52.05,-171.836,52,7.3,,,,
2011,7,6,19,3,18.2,5430,NEW ZEALAND: KERMADEC ISLANDS,-29.539,-176.34,17,7.6,,,,
2011,7,10,0,57,10.8,5431,JAPAN:  HONSHU:  E COAST,38.034,143.264,23,7,,,,
2011,7,19,19,35,43.4,,"UZBEKISTAN:  FARGONA, VIOLYATI",40.081,71.41,20,6.1,,14,86,
2011,8,20,16,55,2.8,5437,VANUATU ISLANDS,-18.365,168.143,32,7.1,,,,
2011,8,20,18,19,23.5,5436,VANUATU ISLANDS,-18.311,168.218,28,7,,,,
2011,9,2,10,55,53.5,5438,ALASKA:  ALEUTIAN ISLANDS:  FOX ISLANDS,52.171,-171.708,32,6.8,,,,
2011,9,5,17,55,11.2,,INDONESIA:  SUMATRA,2.965,97.893,91,6.7,,10,,
2011,9,18,12,40,51.8,,INDIA: SIKKIM;  NEPAL;  CHINA;  BHUTAN,27.73,88.155,50,6.9,,127,441,2100
2011,10,21,17,57,16.1,5439,KERMADEC ISLANDS,-28.993,-176.238,33,7.4,,,,
2011,10,23,10,41,22.9,,"TURKEY:  ERCIS, VAN",38.722,43.513,16,7.1,,604,2608,1500
2011,10,28,18,54,34,,PERU:  SAN VICENTE DE CANETE,-14.438,-75.966,24,6.9,,1,103,
2011,12,11,1,47,25.9,,MEXICO:  GUERRERO,17.844,-99.963,54,6.4,,2,5,
2011,12,27,15,21,56.8,,RUSSIA:  KYZYL,51.842,95.911,15,6.7,,,,
2012,1,9,4,7,14,5956,SOLOMON ISLANDS,-10.617,165.16,28,6.4,,,,
2012,1,30,5,11,0.9,,PERU:  ICA,-14.168,-75.635,43,6.4,,,119,
2012,2,2,13,34,40.6,5442,VANUATU ISLANDS,-17.827,167.133,23,7,,,,
2012,2,6,3,49,12.5,5993,PHILIPPINES:  NEGROS ORIENTAL PROVINCE,9.999,123.206,11,6.7,8,51,112,9
2012,3,3,12,19,55,5955,NEW CALEDONIA:  LOYALTY ISLANDS,-22.141,170.34,14,6.6,,,,
2012,3,9,7,9,50.9,5706,VANUATU ISLANDS,-19.125,169.613,16,6.7,,,,
2012,3,14,9,8,35.1,5446,JAPAN:  HOKKAIDO,40.887,144.944,12,6.9,,,,
2012,3,20,18,2,47.4,5447,"MEXICO:  GUERRERO, OAXACA",16.493,-98.231,20,7.4,8,2,13,600
2012,3,25,22,37,6,,"CHILE:  PARRAL, SANTIAGO",-35.2,-72.217,41,7.2,,1,14,100
2012,4,11,8,38,36.7,5449,INDONESIA:  N SUMATRA:  OFF WEST COAST,2.327,93.063,20,8.6,,10,12,
2012,4,11,10,43,10.8,5450,INDONESIA:  N SUMATRA:  OFF WEST COAST,0.802,92.463,25,8.2,,,,
2012,4,14,22,5,26.4,5451,VANUATU ISLANDS,-18.972,168.741,11,6.3,,,,
2012,4,17,3,50,15.6,,CHILE:  VALPARAISO,-32.625,-71.365,29,6.7,,2,,
2012,5,14,10,0,40.2,,CHILE:  ARICA; PERU:  TACNA,-17.678,-69.591,10,6.3,,,,
2012,5,20,2,3,52,,ITALY:  EMILIA ROMAGNA:  MIRANDOLA,44.89,11.23,6,6.1,,7,50,
2012,6,10,12,44,16.5,,TURKEY:  FETHIYE; GREECE:  RHODES,36.42,28.88,35,6.1,,,6,
2012,6,29,21,7,33.8,,CHINA:  XINJIANG PROVINCE,43.433,84.7,18,6.3,,,52,68
2012,7,25,0,27,45.2,,INDONESIA: BANDA ACEH,2.707,96.045,22,6.5,,1,,
2012,7,25,11,20,27,,SOLOMON ISLANDS: GUADALCANAL,-9.694,159.727,20,6.4,,,,
2012,8,11,12,23,18.1,,"IRAN:  AHAR, HARIS, VARZAGAN",38.329,46.826,11,6.5,,306,3000,599
2012,8,14,2,59,38.4,,RUSSIA:  SAKHALIN ISLAND,49.8,145.064,583,7.7,,,,
2012,8,18,9,41,52.4,,"INDONESIA:  SULAWESI:  SIGI, PARIGI MOUNTONG",-1.315,120.096,10,6.3,,6,43,
2012,8,27,4,37,19.4,5462,NICARAGUA:  OFF THE COAST,12.139,-88.59,28,7.3,,,,
2012,8,31,12,47,33.3,5463,"PHILIPPINES:  CAGAYAN DE ORO, TACLOBAN",10.811,126.638,28,7.6,,1,1,0.3
2012,9,5,14,42,7.8,5464,COSTA RICA:  NICOYA,10.085,-85.315,35,7.6,,2,20,45
2012,10,28,3,4,8.9,5467,CANADA:  QUEEN CHARLOTTE ISLANDS,52.788,-132.101,14,7.7,,1,,
2012,11,7,16,35,46.9,5468,"GUATEMALA:  SAN MARCOS, SAN CRISTOBAL COCHU",13.988,-91.895,24,7.3,,48,155,210
2012,11,11,1,12,38.8,,MYANMAR (BURMA):  SHWEBO,23.005,95.885,14,6.8,,38,231,1.17
2012,12,7,8,18,23.1,5469,JAPAN:  HONSHU:  MIYAGI PREFECTURE,37.89,143.949,31,7.2,,,11,
2013,1,5,8,58,19.3,5472,ALASKA:  SOUTHEASTERN,55.393,-134.652,10,7.5,,,,
2013,1,21,22,22,52.7,,INDONESIA:  SUMATERA:  N,4.927,95.907,12,6.1,,1,15,
2013,2,6,1,12,25.8,5476,SOLOMON ISLANDS:  SANTA CRUZ ISLANDS,-10.799,165.114,24,7.9,8,10,15,36
2013,2,8,15,26,38.4,5477,SOLOMON ISLANDS:  SANTA CRUZ ISLANDS,-10.928,166.018,21,7,,,,
2013,2,9,14,16,7.8,,"COLOMBIA:  CAUCA, NARINO, VALLE DEL CAUCA, RISARALDA",1.135,-77.393,145,7,,,15,
2013,3,27,2,3,19.8,,"TAIWAN:  NANTOU COUNTY, TAIPEI",23.828,121.215,19,6,,1,86,1.128
2013,4,9,11,52,49.9,,"IRAN:  BUSHEHR PROVINCE:  SHANBE, KAKI, SENA",28.428,51.593,12,6.3,,37,850,297
2013,4,16,10,44,20.1,,IRAN; PAKISTAN:  MASHKAL,28.033,61.996,80,7.7,,40,300,
2013,4,19,3,5,52.6,5479,RUSSIA:  KURIL ISLANDS,46.221,150.788,110,7.2,,,,
2013,4,20,0,2,47.5,,CHINA:  SICHUAN PROVINCE:  LONGMEN,30.308,102.888,14,6.6,,196,11470,6800
2013,4,22,1,16,32,5752,MEXICO:  MICHOACAN: LAZARO CARDENAS,18.081,-102.182,30,6,6,,,
2013,5,11,2,8,8.5,,IRAN:  HORMOZGAN: BASHAGARD,26.56,57.77,15,6.1,,2,20,
2013,5,24,5,44,48.9,,RUSSIA:  SEVERO KURILSKIYE,54.892,153.221,598,8.3,,,,
2013,6,2,5,43,3.4,,TAIWAN:  JENAI,23.789,121.141,17,6.3,,4,21,1.1
2013,6,15,16,11,2,5793,GREECE:  CRETE,34.4,25.02,10,6.2,3,,,
2013,7,2,7,37,2.6,,INDONESIA:  BANDA ACEH,4.645,96.665,13,6.1,,48,2532,113
2013,7,21,5,9,31.4,5491,NEW ZEALAND:  COOK STRAIT,-41.704,174.337,17,6.5,,,5,50
2013,7,21,23,45,56.6,,"CHINA:   GANSU:  DINGXI, MIN",34.512,104.262,8,6,,95,887,466
2013,8,16,2,31,5.8,5519,"NEW ZEALAND:  WELLINGTON, MARLBOROUGH",-41.734,174.152,8,6.5,9,,,
2013,8,21,12,38,29.7,,"MEXICO:  SAN MARCOS, ACAPULCO",16.878,-99.498,21,6.2,8,,1,
2013,9,7,0,13,29.6,,"GUATEMALA:  COATEPEQUE, QUETZALTENANGO",14.606,-92.121,66,6.4,7,1,52,2
2013,9,24,11,29,48,5506,"PAKISTAN:  AWARAN, KECH",26.951,65.501,15,7.7,4,825,619,100
2013,9,25,16,42,43.2,,PERU:  AREQUIPA,-15.839,-74.511,40,7.1,8,,,
2013,9,28,7,34,6.5,,PAKISTAN: AWARAN,27.183,65.505,12,6.8,7,22,50,
2013,9,30,5,55,55,5954,"KERMADEC ISLANDS:  S OF, RAOUL",-30.926,-178.323,41,6.5,,,,
2013,10,12,13,11,53.4,5794,GREECE:  CRETE:  CHANIA,35.514,23.252,40,6.6,7,,1,
2013,10,15,0,12,32.1,,"PHILIPPINES:  BOHOL, CEBU, SIQUIJOR IS",9.88,124.117,19,7.1,9,222,976,51.8
2013,10,25,17,10,19.7,5533,JAPAN:  HONSHU:  E COAST,37.156,144.661,35,7.1,6,,1,
2013,11,17,9,4,55.5,5534,SCOTIA SEA:  SOUTH ORKNEY ISLANDS,-60.274,-46.401,10,7.7,,,,
2014,1,13,4,1,3.2,,PUERTO RICO,19.043,-66.81,20,6.4,5,,,
2014,1,20,2,52,44.4,,"NEW ZEALAND: WELLINGTON, MANAWATU-WANGANUI",-40.66,175.814,28,6.1,7,,,
2014,1,25,5,14,18.5,,INDONESIA:  JAVA:  BANYUMAS,-7.986,109.265,66,6.1,6,,,
2014,1,26,13,55,42.2,,GREECE:  KEFALONIA,38.208,20.453,8,6.1,8,,6,178
2014,2,3,3,8,46.2,,GREECE:  KEFALONIA:  LIXOURION,38.264,20.39,5,6,6,,16,
2014,2,12,9,19,49.1,,CHINA:  XINJIANG PROVINCE:  YUTIAN,35.905,82.586,10,6.9,3,,,174
2014,3,13,17,6,50.8,,JAPAN:  SOUTHWESTERN,33.684,131.825,79,6.3,7,,18,
2014,3,16,21,16,29.6,5555,CHILE:  IQUIQUE,-19.981,-70.702,20,6.7,7,,,
2014,4,1,23,46,47.3,5557,"CHILE:  NORTHERN:  IQUIQUE, ALTO HOSPICIO",-19.61,-70.769,25,8.2,8,7,,100
2014,4,3,2,43,13.1,5558,CHILE:  NORTHERN:  IQUIQUE,-20.571,-70.493,22,7.7,8,,,
2014,4,10,23,27,45.6,,"NICARAGUA:  NAGAROTE, MANAGUA",12.403,-86.378,13,6.1,6,2,250,3
2014,4,11,7,7,23.1,,PAPUA NEW GUINEA:  BOUGAINVILLE ISLAND,-6.586,155.049,61,7.1,,1,,
2014,4,12,20,14,39.3,5559,SOLOMON ISLANDS,-11.27,162.148,23,7.6,,,,
2014,4,13,12,36,19.2,5560,SOLOMON ISLANDS,-11.463,162.051,39,7.4,,,,
2014,4,18,14,27,24.9,5563,MEXICO:  GUERRERO; MEXICO CITY,17.397,-100.972,24,7.2,8,,,49.5
2014,4,19,13,28,0.8,5564,PAPUA NEW GUINEA:  SOLOMON SEA,-6.755,155.024,43,7.5,,,,
2014,5,5,11,8,43.4,,THAILAND:  CHIANG RAI,19.656,99.67,6,6.1,6,1,32,62
2014,5,8,17,0,14.8,,MEXICO:  TECPAN,17.235,-100.746,17,6.4,9,,,
2014,5,24,9,25,2.4,5790,"GREECE, TURKEY",40.289,25.389,6,6.9,9,3,310,4500
2014,6,23,19,19,15.9,5572,KERMADEC ISLANDS: SSE OF RAOUL ISLAND,-29.977,-177.725,20,6.9,,,,
2014,6,23,20,53,9.7,5571,ALASKA:  ALEUTIAN ISLANDS,51.849,178.735,109,7.9,6,,,
2014,7,7,11,23,54.8,,MEXICO; GUATEMALA:  SAN MARCOS,14.724,-92.461,53,6.9,8,4,274,123
2014,7,11,19,22,0.8,5574,JAPAN:  SANRIKU,37.005,142.453,20,6.5,5,,,
2014,7,25,10,54,50.4,5575,ALASKA:  SOUTHEASTERN,58.335,-136.971,10,6,4,,,
2014,7,29,10,46,14.7,,MEXICO:  OAXACA,17.682,-95.653,107,6.3,7,1,1,
2014,8,3,8,30,13.6,,"CHINA:  YUNNAN:  LUDIAN:   LONGTOUSHAN, ZHAOTONG",27.189,103.409,12,6.2,7,615,3143,5000
2014,8,18,2,32,5.4,,IRAN:  ILAM PROVINCE:  ABDANAN,32.703,47.695,10,6.2,8,,330,43
2014,8,24,10,20,44.1,,"CALIFORNIA:  NAPA, VALLEJO",38.215,-122.312,11,6,8,1,257,700
2014,10,7,13,49,39.7,,CHINA:   YUNNAN PROVINCE:  YONGPING,23.383,100.47,9,6.1,4,1,323,274
2014,10,9,2,14,31.4,5577,CHILE: EASTER ISLAND REGION,-32.108,-110.811,17,7,,,,
2014,10,14,3,51,34.5,5607,EL SALVADOR:  GULF OF FONSECA,12.526,-88.123,40,7.3,8,1,,
2014,11,15,2,31,41.7,5578,INDONESIA:  N. MOLUCCAS ISLANDS,1.893,126.522,45,7.1,5,,,
2014,11,22,13,8,18.4,,"JAPAN:  NAGANO:  HAKUBA, OTARI",36.641,137.888,9,6.2,9,,46,2
2015,2,16,23,6,28.3,5580,JAPAN:  HONSHU,39.856,142.881,23,6.7,5,,,
2015,2,19,13,18,32.8,5582,VANUATU ISLANDS,-16.431,168.148,10,6.4,,,,
2015,3,10,20,55,44.4,,"COLOMBIA:  ANTIOQUIA, SANTANDER",6.776,-72.988,155,6.2,6,,,
2015,3,29,23,48,31,5581,PAPUA NEW GUINEA,-4.729,152.562,41,7.5,6,,,
2015,4,20,1,42,58.4,,TAIWAN:  TAIPEI,24.203,122.316,29,6.4,5,1,1,
2015,4,25,6,11,26,,NEPAL:   KATHMANDU; INDIA; CHINA; BANGLADESH,28.231,84.731,8,7.8,8,8957,24000,6000
2015,5,5,1,44,6.4,5583,PAPUA NEW GUINEA,-5.462,151.875,55,7.5,7,,,
2015,5,12,7,5,19.7,,NEPAL:   DOLAKHA,27.809,86.066,15,7.3,8,117,2800,
2015,5,30,11,23,2.1,,JAPAN:  BONIN ISLANDS [CHICHIJIMA ISLAND],27.839,140.493,664,7.8,6,,12,
2015,6,4,23,15,43.9,,"MALAYSIA:  SABAH:  LAHAD,DATU,KANAK",5.987,116.541,10,6,7,18,,
2015,7,3,1,7,47.3,,CHINA:  S. XINJIANG:  HOTAN,37.459,78.154,20,6.4,4,3,263,
2015,7,3,6,43,21.5,,PHILIPPINES:  MINDANAO,10.169,125.891,32,6.1,7,1,,
2015,7,10,4,12,42.5,5589,SOLOMON ISLANDS,-9.307,158.403,12,6.7,4,,,
2015,7,18,2,27,33.8,5588,SOLOMON ISLANDS,-10.401,165.141,11,7,8,,,
2015,7,27,4,49,46.4,5591,ALASKA,52.376,-169.446,29,6.9,4,,,
2015,7,27,21,41,21.7,,INDONESIA:  PAPUA,-2.629,138.528,48,7,7,1,,
2015,9,16,22,54,32.9,5590,CHILE:  CENTRAL,-31.573,-71.674,22,8.3,9,15,14,600
2015,9,24,15,53,27.7,,INDONESIA:  SORONG,-0.621,131.262,18,6.6,6,,62,
2015,10,26,9,9,42.6,,AFGHANISTAN: HINDU KUSH,36.524,70.368,231,7.5,7,399,1770,109
2015,11,4,3,44,15.2,,INDONESIA:  EAST NUSA TENGGARA:  ALOR,-8.338,124.875,20,6.5,5,,3,9
2015,11,11,1,54,38.6,5592,CHILE:  LA SERENA,-29.507,-72.007,12,6.9,7,,,
2015,11,13,20,51,31,5593,JAPAN:  KYUSYU ISLAND,31.001,128.873,12,6.7,5,,,
2015,11,17,7,10,7.3,5594,"GREECE:  LEFKADA, KEFALONIA, ITHACA",38.67,20.6,11,6.5,7,2,8,
2015,11,18,18,31,4.6,5722,SOLOMON ISLANDS,-8.899,158.422,13,6.8,5,,,
2015,11,24,22,45,38.9,,PERU-BRAZIL,-10.537,-70.944,606,7.6,5,,,
2015,11,24,22,50,54.4,,PERU-BRAZIL,-10.06,-71.018,621,7.6,5,,,
2015,12,7,7,50,6,,TAJIKISTAN,38.211,72.78,22,7.2,4,2,,5
2015,12,17,19,49,53.1,,MEXICO:  COCOTITLAN,15.802,-93.633,85,6.6,8,2,,
2015,12,25,19,14,47.2,,AFGHANISTAN; PAKISTAN,36.494,71.126,206,6.3,6,4,97,
2016,1,3,23,5,22.3,,INDIA:  IMPAHL,24.804,93.651,55,6.7,8,13,100,75
2016,1,24,10,30,29.6,,ALASKA:  KENAI,59.62,-153.339,126,7.1,6,,,
2016,1,25,4,22,2.7,5792,MOROCCO:  MELILLA,35.649,-3.682,12,6.3,6,1,26,
2016,2,5,19,57,27.4,,TAIWAN:  TAINAN,22.938,120.601,23,6.4,8,117,525,700
2016,3,2,12,49,48.1,5598,INDONESIA: SUMATRA:,-4.952,94.33,24,7.8,5,,,
2016,4,3,8,23,52,5953,VANUATU ISLANDS,-14.324,166.855,26,6.9,,,,
2016,4,10,10,28,58.7,,AFGHANISTAN:  KHYBER PAKHTUNKHWA,36.473,71.131,212,6.6,6,6,5,
2016,4,13,13,55,17.8,,INDIA: ASSAM; BANGLADESH,23.094,94.865,136,6.9,6,2,170,
2016,4,15,16,25,6.2,,"JAPAN:  KUMAMOTO, OITA",32.791,130.754,10,7,9,273,2809,20000
2016,4,16,23,58,37,5599,"ECUADOR:  NEAR WEST COAST: MANABI, ESMERALDAS",0.382,-79.922,21,7.8,9,663,6274,3300
2016,4,28,19,33,24.1,5600,VANUATU ISLANDS,-16.043,167.379,24,7,7,,,
2016,5,18,16,46,0.5,,ECUADOR:  MANABI PROVINCE,0.495,-79.616,30,6.9,8,1,162,
2016,6,1,22,56,0.8,,INDONESIA:  SUMATRA:  PESISIR SELATAN,-2.097,100.665,50,6.6,5,1,30,
2016,6,7,19,15,15.3,,INDONESIA:  MALUKU:  TERNATE ISLAND,1.279,126.371,31,6.3,4,,,
2016,7,29,21,18,24.7,,NORTHERN MARIANA ISLANDS,18.543,145.507,196,7.7,5,,,
2016,8,12,1,26,36.3,5604,NEW CALEDONIA:  LOYALTY ISLANDS,-22.477,173.117,16,7.2,6,,,
2016,8,19,7,32,22.7,5605,SOUTH SANDWICH ISLANDS,-55.285,-31.877,10,7.4,3,,,
2016,8,20,9,1,26.2,5741,JAPAN:  OFF EAST COAST HONSHU,40.394,143.68,10,6,2,,,
2016,8,24,1,36,32.9,,"ITALY:  ACCUMOLI, ARQUATA, AMATRICE",42.723,13.188,4,6.2,9,299,368,5000
2016,8,24,10,34,54.6,,MYANMAR (BURMA): CHAUK,20.923,94.569,82,6.8,5,4,20,10
2016,9,1,16,37,57.3,5606,NEW ZEALAND:  GISBORNE,-37.359,179.146,19,7,5,,,
2016,10,21,5,7,23,,JAPAN:  KURAYOSHI,35.374,133.809,6,6.2,7,,7,100
2016,10,26,19,18,8.4,,"ITALY:  VISSO, USSITA",42.956,13.067,10,6.1,9,1,,
2016,10,30,6,40,18.7,,ITALY: NORCIA,42.862,13.096,8,6.6,9,2,20,200
2016,11,13,11,2,56.3,5613,NEW ZEALAND:  AMBERLEY,-42.737,173.054,15,7.8,9,2,,3900
2016,11,21,20,59,49.3,5618,JAPAN: NEAR E COAST HONSHU,37.393,141.387,9,6.9,8,,15,
2016,11,24,18,43,47.7,5620,NICARAGUA,11.91,-88.897,10,6.9,5,,,
2016,11,25,14,24,30.7,,CHINA:  XINJIANG PROVINCE:  KASHGAR,39.273,73.978,17,6.6,7,1,,5.5
2016,12,1,22,40,26.6,,"PERU:  PUNO, LAMPA",-15.312,-70.827,12,6.2,7,1,17,
2016,12,6,22,3,33.4,,INDONESIA:  SUMATRA:  ACEH:  PIDIE JAYA,5.283,96.168,13,6.5,8,104,857,100
2016,12,8,5,15,4.6,,CHINA:  N. XINJIANG:  URUMQI,43.823,86.345,18,6,7,1,,135
2016,12,8,17,38,46.3,5630,SOLOMON ISLANDS,-10.681,161.327,40,7.8,8,1,,
2016,12,9,19,10,6.8,5632,SOLOMON ISLANDS,-10.749,161.132,20,6.9,7,,,
2016,12,17,10,51,10.5,5636,PAPUA NEW GUINEA:  NEW BRITAIN NEW IRELAND,-4.505,153.522,95,7.9,8,,,
2016,12,25,14,22,27,5637,CHILE,-43.406,-73.941,38,7.6,7,,,
2017,1,3,21,52,30.7,5639,FIJI ISLANDS,-19.373,176.052,12,6.9,6,,,
2017,1,22,4,30,23,5642,PAPUA NEW GUINEA:  BOUGAINVILLE ISLAND,-6.246,155.172,135,7.9,9,3,,
2017,2,7,22,3,56.4,,PAKISTAN:  PASNI,25.191,63.264,29,6.3,6,,,
2017,2,10,14,3,43.9,,PHILIPPINES: SURIGAO DEL NORTE,9.907,125.452,15,6.5,8,8,202,40
2017,4,5,6,9,12.2,,IRAN:  SEFID SANG,35.776,60.436,13,6.1,6,2,11,
2017,4,24,21,38,30.8,5647,CHILE:  VALPARAISO,-33.038,-72.062,28,6.9,7,,,
2017,4,28,20,23,17.3,5648,PHILIPPINES: SARANGANI,5.504,125.066,26,6.9,9,,7,
2017,5,1,12,31,3,5649,ALASKA:  SKAGWAY; CANADA:  BRITISH COLUMBIA,59.821,-136.711,10,6.2,5,,,
2017,5,3,4,47,13.4,,"KYRGYZSTAN:  OSH, BATKEN",39.494,71.444,11,6,5,,,
2017,5,29,14,35,21.5,,INDONESIA:  SULAWESI:  POSO,-1.292,120.431,12,6.6,6,,25,
2017,6,12,12,28,39.2,5652,GREECE: LESBOS,38.93,26.365,12,6.3,9,1,15,
2017,6,14,7,29,4.4,,"GUATEMALA: QUETZALTENANGO, SUCHITEPEQUEZ; MEXICO",14.909,-92.009,93,6.9,8,5,30,
2017,6,22,12,31,3.5,,"GUATEMALA: ESCUINTLA, SUCHITEPEQUEZ, GUATEMALA",13.717,-90.972,38,6.8,6,,4,
2017,7,6,8,3,57.6,,PHILIPPINES: LEYTE,11.127,124.629,9,6.5,9,4,448,5
2017,7,13,3,36,8,5952,PAPUA NEW GUINEA,-4.779,153.211,34,6.4,,,,
2017,7,17,23,35,34,5654,RUSSIA: BERING ISLAND,54.443,168.857,10,7.7,8,,,
2017,7,18,2,5,19.8,,PERU:  AREQUIPA,-16.416,-73.636,44,6.4,7,1,1,
2017,7,20,22,31,11.3,5655,"TURKEY: BODRUM, DATCA; GREECE: KOS",36.929,27.414,7,6.6,7,2,500,
2017,8,8,13,19,49.5,,CHINA:  SICHUAN PROVINCE:  ABA,33.193,103.855,9,6.5,5,29,525,500
2017,8,8,23,27,53.1,,CHINA:  XINGJIANG: BORTALA,44.302,82.832,20,6.3,6,,32,
2017,9,8,4,49,19.2,5658,"MEXICO: OAXACA, CHIAPAS, TABASCO; GUATEMALA",15.022,-93.899,47,8.2,9,98,251,4000
2017,9,19,18,14,38.1,,"MEXICO: MEXICO CITY, MORELOS, PUEBLA",18.55,-98.489,48,7.1,9,369,6000,8000
2017,9,23,12,53,1.5,,MEXICO:  OAXACA,16.626,-95.078,10,6.1,7,5,7,
2017,10,31,0,42,8.7,5663,NEW CALEDONIA:  LOYALTY ISLANDS,-21.697,169.149,24,6.7,3,,,
2017,10,31,11,50,48.4,,INDONESIA:  MALUKU:  AMBON,-3.745,127.752,6,6.1,5,1,,
2017,11,1,2,23,57.7,5664,NEW CALEDONIA:  LOYALTY ISLANDS,-21.648,168.859,22,6.6,3,,,
2017,11,12,18,18,17.2,,IRAN: KERMANSHAH; IRAQ: KURDISTAN,34.911,45.959,19,7.3,8,630,12900,750
2017,11,13,2,28,23.7,,COSTA RICA: JACO,9.515,-84.487,19,6.5,8,2,,
2017,11,17,22,34,19.5,,CHINA:  TIBET (XIZANG PROVINCE): NYINGCHI,29.833,94.984,8,6.4,5,,3,
2017,11,19,9,25,48.7,5723,NEW CALEDONIA:  LOYALTY ISLANDS,-21.638,168.673,14,6.3,5,,,
2017,11,19,15,9,2.9,5724,NEW CALEDONIA:  LOYALTY ISLANDS,-21.503,168.598,13,6.6,3,,,
2017,11,19,22,43,29.3,5670,NEW CALEDONIA:  LOYALTY ISLANDS,-21.325,168.672,10,7,4,,,
2017,12,1,2,32,46,,IRAN:  KERMAN,30.746,57.307,9,6.1,5,,51,
2017,12,15,16,47,58.2,,INDONESIA:  JAVA,-7.492,108.174,90,6.5,7,4,36,
2018,1,10,2,51,33.3,5672,HONDURAS,17.483,-83.52,19,7.5,8,,,
2018,1,14,9,18,45.5,5675,PERU: YAUCA,-15.768,-74.709,38,7.1,8,2,139,
2018,1,23,9,31,40.9,5673,ALASKA:  KODIAK ISLAND,56.004,-149.166,14,7.9,4,,,
2018,1,31,7,7,0.3,,AFGHANISTAN; PAKISTAN:  BALUCHISTAN,36.526,70.851,194,6.2,6,2,15,
2018,2,6,15,50,43.3,,TAIWAN:  HUALIEN,24.134,121.659,17,6.4,8,17,291,
2018,2,16,23,39,39.3,,MEXICO:  OAXACA,16.386,-97.979,22,7.2,7,14,19,100
2018,2,25,17,44,44.1,,"PAPUA NEW GUINEA: S HIGHLANDS, HELA;  INDONESIA",-6.07,142.754,25,7.5,9,145,300,290
2018,2,28,2,45,45.3,,PAPUA NEW GUINEA:  S HIGHLANDS,-6.17,142.468,16,6.1,6,1,,
2018,3,4,19,56,17.9,,PAPUA NEW GUINEA:  S HIGHLANDS,-6.331,142.599,10,6,6,11,,
2018,3,6,14,13,7.7,,"PAPUA NEW GUINEA:  S HIGHLANDS, HELA",-6.304,142.612,20,6.7,8,25,,
2018,4,7,5,48,40,,PAPUA NEW GUINEA:  HELA,-5.838,142.531,18,6.3,7,4,,
2018,5,4,22,32,54.7,5678,HAWAIIAN ISLANDS: PUNA DISTRICT,19.318,-155,6,6.9,7,,1,370
2018,5,9,10,41,45.9,,AFGHANISTAN: TAKHAR;  PAKISTAN,36.994,71.382,116,6.2,5,,13,
2018,7,28,22,47,38.7,5778,INDONESIA:  LOMBOK ISLAND,-8.24,116.508,14,6.4,5,17,355,
2018,8,5,11,46,38.6,5685,INDONESIA:  LOMBOK ISLAND,-8.258,116.438,34,6.9,8,560,7733,509
2018,8,19,0,19,40.7,5686,FIJI ISLANDS,-18.113,-178.153,600,8.2,5,,,
2018,8,19,4,10,22.6,5816,INDONESIA:  LOMBOK ISLAND,-8.337,116.599,16,6.3,6,2,1,
2018,8,19,14,56,27.5,,INDONESIA:  LOMBOK ISLAND,-8.319,116.627,21,6.9,6,11,,
2018,8,21,21,31,47.6,5687,VENEZUELA:  SUCRE; TRINIDAD,10.773,-62.902,147,7.3,7,5,,
2018,8,25,22,13,25.6,,IRAN:  KERMANSHAH,34.611,46.242,10,6,6,2,267,
2018,8,29,3,51,56.1,5688,NEW CALEDONIA:  LOYALTY ISLANDS,-22.03,170.126,21,7.1,2,,,
2018,9,5,18,7,59.2,,JAPAN:  HOKKAIDO,42.686,141.929,35,6.6,8,44,660,2000
2018,9,6,15,49,18.7,,FIJI ISLANDS,-18.474,179.35,671,7.9,7,,,
2018,9,28,6,59,59.7,,INDONESIA:  SULAWESI,-0.401,119.771,5,6.1,,1,10,
2018,9,28,10,2,45.3,5689,INDONESIA:  SULAWESI,-0.256,119.846,20,7.5,9,4340,10679,1500
2018,10,10,18,44,55.3,,"INDONESIA:  MADURA ISLAND, JAVA",-7.453,114.455,9,6,4,4,36,
2018,10,16,1,3,43.6,5725,NEW CALEDONIA:  LOYALTY ISLANDS,-21.743,169.522,17,6.5,,,,
2018,10,25,22,54,52.6,5690,"GREECE:  IONIAN SEA:  ZAKYNTHOS, STROFADES",37.52,20.557,14,6.8,8,,3,
2018,11,25,16,38,23,,IRAN: KERMANSHAH; IRAQ: KURDISTAN,34.361,45.744,18,6.3,,1,759,
2018,11,30,17,29,16,,ALASKA:  ANCHORAGE,61.316,-149.925,54,7,,,117,150
2018,12,5,4,18,42,5698,NEW CALEDONIA:  LOYALTY ISLANDS,-21.95,169.427,10,7.5,,,,
2018,12,20,17,1,55,5924,RUSSIA:  OFF KAMCHATKA,55.1,164.699,16,7.3,,,,
2019,1,20,1,32,48,,"CHILE:  COQUIMBO, LA SERENA",-30.04,-71.382,63,6.7,,2,,100
2019,2,1,16,19,29,,MEXICO:  CHIAPAS; GUATEMALA:  SAN MARCOS,14.68,-92.453,66,6.7,,,4,
2019,2,22,10,18,17,,"ECUADOR: AZUAY, MANABI, MORONA SANT.; PERU",-2.186,-77.051,145,7.5,,1,9,
2019,3,1,8,50,42,,PERU:  AREQUIPA,-14.713,-70.155,267,7,,1,2,
2019,4,12,11,40,49,,INDONESIA:  SULAWESI ISLAND: LUWUK,-1.852,122.553,18,6.8,,1,,
2019,4,18,5,1,6,,TAIWAN:  HUALIEN,23.989,121.693,20,6.1,,1,16,
2019,4,22,9,11,11,,PHILIPPINES:  PAMPANGA PROVINCE,14.924,120.497,20,6.1,,18,183,50
2019,5,6,21,19,35,,PAPUA NEW GUINEA:  MOROBE: WAMPAR,-6.977,146.44,127,7.2,,,,
2019,5,14,12,58,25,5705,"PAPUA NEW GUINEA:  RABAUL, DUKE OF YORK IS",-4.051,152.597,10,7.6,,,,
2019,5,26,7,41,14,,"PERU:  LA LIBERTAD, CAJAMARCA; ECUADOR",-5.796,-75.298,110,8,,2,30,50
2019,5,30,9,3,32,,EL SALVADOR:  SAN SALVADOR,13.199,-89.306,58,6.6,,1,1,
2019,6,14,0,19,12,5710,CHILE:  COQUIMBO,-30.056,-72.082,11,6.4,,,,
2019,6,15,22,55,2,5711,"KERMADEC ISLANDS:  S OF, RAOUL",-30.805,-178.095,34,7.2,,,,
2019,6,18,13,22,19,5712,JAPAN:  NIIGATA PREFECTURE,38.646,139.472,12,6.4,,,28,
2019,6,26,2,18,7,5925,RUSSIA:  OFF KAMCHATKA,56.182,164.088,10,6.3,,,,
2019,7,4,17,33,49,,CALIFORNIA:  RIDGECREST;  NEVADA,35.705,-117.506,11,6.4,,1,,50
2019,7,6,3,19,52,,CALIFORNIA:  RIDGECREST,35.766,-117.605,8,7.1,,,,5300
2019,7,14,9,10,50,,INDONESIA:  MOLUCCA ISLANDS:  N,-0.529,128.093,10,7.3,,8,134,
2019,7,26,23,37,58,,PHILIPPINES:  BATANES:  ITBAYAT,20.807,121.986,10,6,,9,64,0.925
2019,8,2,12,3,27,5870,INDONESIA:  JAVA:  BANTEN,-7.282,104.791,49,6.9,,8,8,
2019,9,25,23,46,44,,INDONESIA:  MALUKU:  AMBON,-3.45,128.347,18,6.5,,31,179,
2019,9,26,16,36,18,,CHILE:  SOUTH CENTRAL,-40.815,-72.002,129,6.1,,1,,
2019,9,29,15,57,53,,CHILE:  CONCEPCION,-35.473,-73.162,11,6.8,,1,,
2019,10,16,11,37,6,,"PHILIPPINES:  MINDANAO:  COTABATO, DAVAO",6.712,125.005,14,6.4,7,7,215,
2019,10,29,1,4,44,,"PHILIPPINES:  MINDANAO:  COTABATO, DAVAO",6.802,125.04,15,6.6,,13,562,
2019,10,31,1,11,19,,"PHILIPPINES:  COTABATO, SULTAN KUDARAT",6.91,125.156,10,6.5,,10,,
2019,11,14,16,17,40,5733,INDONESIA:  MOLUCCA ISLANDS:  N,1.6,126.416,33,7.1,,1,3,
2019,11,26,2,54,12,,"ALBANIA:  DURRES, THUMANE, TIRANA",41.521,19.559,20,6.4,,51,2000,1081
2019,12,15,6,11,52,,PHILIPPINES:  MINDANAO:  DAVAO,6.708,125.188,22,6.8,,13,210,
2020,1,7,8,24,26,5736,"PUERTO RICO:  PONCE,SAN JUAN",17.916,-66.813,10,6.4,8,4,,800
2020,1,19,13,27,56,,CHINA:  XINJIANG PROVINCE,39.831,77.106,6,6,,1,2,
2020,1,24,17,55,14,,TURKEY:  ELAZIG AND MALATYA PROVINCES,38.39,39.081,12,6.7,,41,1600,
2020,1,28,19,10,25,5740,CUBA: GRANMA;  CAYMAN IS;  JAMAICA,19.44,-78.755,10,7.7,,,,90
2020,2,23,16,0,31,,TURKEY: VAN;  IRAN,38.482,44.367,10,6,,10,60,
2020,3,14,10,1,17,5951,KERMADEC ISLANDS,-27.367,-175.61,11,6.4,,,,
2020,3,25,2,49,21,5746,RUSSIA:  KURIL ISLANDS,48.986,157.693,57,7.5,6,,,
2020,5,2,12,51,6,5747,GREECE:  CRETE,34.205,25.712,17,6.6,7,,,
2020,6,4,8,49,39,,INDONESIA: NORTH MALUKU: MOROTAI,2.923,128.248,107,6.4,4,,,
2020,6,18,12,49,53,5750,"KERMADEC ISLANDS:  S OF, RAOUL",-33.294,-177.838,10,7.4,,,,
2020,6,23,15,29,5,5751,MEXICO: OAXACA,16.029,-95.901,26,7.4,,10,24,75
2020,7,17,2,50,23,,"PAPUA NEW GUINEA:  MOROBE, ORO",-7.843,147.766,80,7,,1,1,
2020,7,22,6,12,44,5753,ALASKA,55.03,-158.522,28,7.8,8,,,
2020,8,18,0,3,48,,PHILIPPINES:  MASBATE,12.021,124.123,10,6.6,7,2,50,0.57
2020,10,19,20,54,39,5755,ALASKA,54.608,-159.655,33,7.6,8,,,
2020,10,30,11,51,27,5757,GREECE:  SAMOS; TURKEY:  IZMIR,37.918,26.79,21,7,8,118,1054,400
2020,12,27,21,39,14,5760,CHILE:  OFF COAST CENTRAL,-39.343,-74.99,10,6.7,5,,,
2020,12,29,11,19,54,,BALKANS NW:  CROATIA:  PETRINJA,45.422,16.255,10,6.4,9,8,36,4187
2021,1,14,18,28,18,,"INDONESIA:  SULAWESI:  MAMUJU, MAJENE",-2.976,118.901,18,6.2,9,105,6489,58.7
2021,1,19,2,46,22,,ARGENTINA:  SAN JUAN PROVINCE,-31.83,-68.806,20,6.4,6,,14,250
2021,1,23,23,36,50,5762,SCOTIA SEA:  SOUTH SHETLAND ISLANDS,-61.825,-55.494,10,6.9,9,,,
2021,2,10,13,19,55,5763,NEW CALEDONIA:  LOYALTY ISLANDS,-23.054,171.601,10,7.7,7,,,
2021,2,13,14,7,50,5823,JAPAN:  OFF FUKUSHIMA,37.745,141.749,49,7.1,9,1,186,7700
2021,3,3,10,16,10,,"GREECE: TYRNAVOS, LARISA",39.764,22.176,10,6.3,9,,11,10
2021,3,4,13,27,36,5769,NEW ZEALAND:  GISBORNE,-37.563,179.444,20,7.3,7,,,
2021,3,4,17,41,25,5770,"KERMADEC ISLANDS:  S OF, RAOUL",-29.613,-177.843,55,7.4,7,,,
2021,3,4,19,28,31,5771,KERMADEC ISLANDS: SSE OF RAOUL ISLAND,-29.74,-177.267,19,8.1,9,,,
2021,3,18,0,4,6,5776,ALGERIA: BEJAIA,36.915,5.199,8,6,8,,17,
2021,3,20,9,9,43,,JAPAN:  HONSHU ISLAND,38.452,141.648,43,7,7,,11,550
2021,4,10,7,0,17,,"INDONESIA: JAVA: LUMAJANG, MALANG",-8.562,112.519,82,6,5,10,39,
2021,4,28,2,21,26,,INDIA:  ASSAM,26.782,92.436,34,6,9,2,12,
2021,5,21,13,48,37,,"CHINA: YUNNAN PROVINCE: YANGBI, YONGPING",25.761,100.011,9,6.1,8,3,28,49
2021,5,21,18,4,13,,CHINA: QINGHAI PROVINCE,34.598,98.251,10,7.3,9,20,300,
2021,7,29,6,15,47,5799,ALASKA PENINSULA,55.325,-157.841,32,8.2,8,,,
2021,7,30,17,10,19,,PERU:  PIURA,-4.934,-80.602,32,6.2,7,,34,
2021,8,11,17,46,14,5801,PHILIPPINES:  MINDANAO,6.455,126.742,65,7.1,9,1,,
2021,8,12,18,32,54,,SOUTH SANDWICH ISLANDS,-57.596,-25.187,63,7.5,,,,
2021,8,12,18,35,20,5802,SOUTH SANDWICH ISLANDS,-58.416,-25.321,48,8.1,,,,
2021,8,14,12,29,8,5803,HAITI,18.408,-73.475,10,7.2,9,2248,12763,1600
2021,9,8,1,47,47,5806,MEXICO:  GUERRERO,16.982,-99.773,20,7,7,3,,200
2021,9,27,6,17,22,,GREECE:  CRETE,35.252,25.26,8,6,8,1,20,
2021,10,12,9,24,3,5817,GREECE: CRETE,35.193,26.256,10,6.4,8,,,
2021,11,14,12,8,38,,IRAN:  HORMOZGAN PROVINCE,27.736,56.077,10,6.3,9,2,,165
2021,11,28,10,52,13,,PERU:  AMAZONAS,-4.49,-76.846,112,7.5,8,,3,
2021,12,14,3,20,24,5822,INDONESIA:  FLORES REGION,-7.603,122.2,18,7.3,9,,1,
2022,1,7,17,45,30,,"CHINA: QINGHAI, GANSU",37.815,101.278,13,6.6,9,,9,510
2022,1,14,9,5,42,,"INDONESIA: PANDEGLANG, BANTEN",-6.929,105.251,37,6.6,8,,1975,
2022,1,29,2,46,39,5828,NEW ZEALAND: KERMADEC ISLANDS,-29.531,-176.749,10,6.5,,,,
2022,2,16,7,12,25,,"GUATEMALA: BAJA VERAPAZ, GUATEMALA, QUEZALTENANGO",14.193,-91.297,83,6.2,8,3,2,
2022,2,25,1,39,27,,"INDONESIA: W SUMATRA: PASAMAN, WEST PASAMAN",0.233,100.106,12,6.2,9,27,457,1
2022,3,16,14,36,33,5832,JAPAN:  OFF FUKUSHIMA,37.702,141.587,63,7.3,9,4,247,8800
2022,3,22,17,41,38,,"TAIWAN: HUALIEN, T'AIT-TUNG",23.412,121.562,24,6.7,7,,1,1.52
2022,3,30,20,56,58,5833,NEW CALEDONIA:  LOYALTY ISLANDS,-22.716,170.286,10,6.9,7,,,
2022,3,31,5,44,1,5834,NEW CALEDONIA:  LOYALTY ISLANDS,-22.579,170.354,10,7,6,,,
2022,5,26,12,2,20,,PERU: PUNO,-14.863,-70.308,217,7.2,7,,,
2022,7,1,21,32,8,,IRAN:  HORMOZGAN PROVINCE,26.935,55.254,16,6,,5,84,142
2022,7,27,0,43,24,5855,PHILIPPINES: LUZON: ABRA,17.56,120.801,10,7,9,11,609,48.48
2022,9,5,4,52,19,,CHINA:  SICHUAN PROVINCE,29.726,102.279,10,6.6,9,118,400,835
2022,9,10,23,46,57,,"PAPUA NEW GUINEA: MOROBE, EASTERN HIGHLANDS",-6.256,146.469,90,7.6,8,21,30,15
2022,9,18,6,44,14,,TAIWAN:  HUALIEN,23.159,121.316,10,6.9,9,1,140,3.7
2022,9,19,18,5,6,5859,"MEXICO:  MICHOACAN, COLIMA, JALISCO",18.367,-103.252,15,7.6,9,2,10,25
2022,9,22,6,16,9,5861,"MEXICO: MEXICO CITY, MICHOACAN",18.308,-102.923,24,6.8,8,3,5,
2022,10,25,14,59,3,,PHILIPPINES: LUZON: ABRA,17.662,120.823,27,6.4,8,,139,1.444
2022,11,11,10,48,45,5866,TONGA ISLANDS,-19.318,-172.1,24,7.3,5,,,
2022,11,18,13,37,8,5976,INDONESIA:  SUMATRA,-4.904,100.786,25,6.9,4,,,
2022,11,22,2,3,7,5867,SOLOMON ISLANDS: HONIARA,-9.812,159.596,15,7,8,,3,
2022,12,20,10,34,24,,CALIFORNIA:  HUMBOLDT COUNTY,40.525,-124.423,17,6.4,8,2,17,250
2023,1,9,17,47,35,5871,INDONESIA:  BANDA SEA,-7.049,130.038,105,7.6,5,1,11,
2023,2,6,1,17,35,5873,TURKEY: KAHRAMANMARAS; SYRIA,37.166,37.042,17,7.8,9,56697,119200,42900
2023,2,6,10,24,49,5974,TURKEY; SYRIA,38.024,37.203,10,7.5,9,,,
2023,2,20,17,4,29,5973,TURKEY; SYRIA,36.109,36.017,16,6.3,9,6,764,
2023,3,7,6,2,34,,PHILIPPINES:  MINDANAO:  DAVAO,7.472,126.027,38,6,8,,35,3.1
2023,3,16,0,56,2,5876,KERMADEC ISLANDS,-30.115,-176.112,22,7,8,,,
2023,3,18,17,12,52,,"ECUADOR: AZUAY, EL ORO, GUAYAS;  PERU: TUMBES",-2.837,-79.844,65,6.8,9,15,495,
2023,3,21,16,47,23,,AFGHANISTAN: LAGHMAN;  PAKISTAN,36.523,70.979,187,6.5,7,19,181,
2023,4,2,18,4,11,,PAPUA NEW GUINEA: EAST SEPIK,-4.326,143.159,70,7,7,8,11,
2023,4,24,0,41,55,5879,KERMADEC ISLANDS:  S OF,-29.968,-177.826,43,7.1,,,,
2023,4,24,20,0,57,5878,INDONESIA:  SUMATRA:  MENTAWAI ISLANDS,-0.799,98.524,34,7.1,,,,
2023,5,5,5,42,4,5880,"JAPAN: HONSHU: ISHIKAWA, TOYAMA",37.54,137.305,8,6.2,8,1,34,
2023,5,10,16,2,0,,TONGA: HIHIFO,-15.6,-174.608,210,7.6,,,,
2023,5,19,2,57,6,5881,NEW CALEDONIA:  LOYALTY ISLANDS,-23.229,170.694,37,7.7,,,,
2023,5,20,1,51,1,5882,NEW CALEDONIA:  LOYALTY ISLANDS,-23.062,170.456,36,7.1,,,,
2023,7,16,6,48,22,5883,ALASKA PENINSULA,54.46,-160.76,32,7.2,6,1,,
2023,8,17,17,4,49,,"COLOMBIA: BOGOTA, BOYACA, CUNDINAMARCA, META,",4.418,-73.511,10,6.3,,2,,30
2023,9,8,22,11,1,,"MOROCCO: MARRAKECH, SAFI",31.073,-8.407,18,6.8,,2946,5674,7000
2023,10,5,1,59,58,5890,JAPAN:  IZU ISLANDS,29.94,139.95,10,6.1,,,,
2023,10,6,1,31,17,6007,JAPAN:  IZU ISLANDS,30.141,139.968,10,6.1,,,,
2023,10,7,6,41,3,,AFGHANISTAN: HERAT,34.61,61.924,14,6.3,,1482,2100,50
2023,10,7,8,40,13,,PAPUA NEW GUINEA:  MADANG,-5.507,146.198,76,6.9,,,,
2023,10,11,0,41,56,,AFGHANISTAN: HERAT,34.557,62.045,9,6.3,,3,164,
2023,10,15,3,36,0,,AFGHANISTAN: HERAT,34.609,62.112,6,6.3,,4,153,
2023,11,17,8,14,13,,PHILIPPINES:  MINDANAO:  DAVAO,5.587,125.051,78,6.7,7,11,37,29.27
2023,11,22,4,47,33,5902,VANUATU ISLANDS: MAEWO,-14.985,167.983,22,6.7,,,,
2023,12,2,14,37,3,5903,PHILIPPINES:  MINDANAO:  E,8.527,126.449,32,7.6,7,3,79,22.6
2023,12,7,12,56,30,5904,VANUATU:  TANNA ISLAND,-20.659,169.206,48,7.1,,,,
2024,1,1,7,10,9,5907,JAPAN: HONSHU: ISHIKAWA,37.487,137.271,10,7.5,9,549,1393,17600
2024,1,22,18,9,4,,CHINA: XINJIANG PROVINCE;  KAZAKHSTAN,41.269,78.649,13,7,,3,74,430
2024,3,22,8,52,58,,INDONESIA: JAVA: TIMUR,-5.875,112.365,9,6.4,9,,4,40
2024,3,23,20,22,4,,PAPUA NEW GUINEA: EAST SEPIK,-4.139,143.159,40,6.9,,5,2,
2024,4,2,23,58,11,5919,TAIWAN:  HUA-LIEN,23.819,121.562,34,7.4,,20,1145,2500
2024,4,27,16,29,50,,INDONESIA: JAVA: BANDUNG,-8.005,107.28,59,6.1,8,1,12,
2024,6,28,5,36,37,5921,PERU:  AREQUIPA,-15.811,-74.445,28,7.2,,,42,
2024,7,19,1,50,47,,CHILE:  NORTHERN,-23.047,-67.782,117,7.4,6,1,,
2024,8,8,7,42,55,5922,JAPAN:  MIYAZAKI,31.719,131.527,25,7.1,,,14,
2024,8,17,19,10,26,5923,RUSSIA:  OFF KAMCHATKA,52.924,160.141,29,7,,,,
2024,10,16,7,46,32,,TURKEY:  ELAZIG AND MALATYA PROVINCES,38.309,38.826,10,6,,,43,
2024,11,10,16,49,50,,"CUBA: GRANMA, SANTIAGO DE CUBA",19.812,-77.039,14,6.8,,,10,
2024,12,5,18,44,21,5940,CALIFORNIA: OFFSHORE CAPE MENDOCINO,40.374,-125.022,10,7,8,,,
2024,12,17,1,47,26,5942,"VANUATU ISLANDS:  EFATE, PORT VILA",-17.686,168.034,57,7.3,,14,265,100
2025,1,7,1,5,16,,CHINA:  TIBET (XIZANG PROVINCE),28.639,87.361,10,7.1,,134,188,
2025,1,13,12,19,32,5948,JAPAN:  MIYAZAKI,31.806,131.565,36,6.8,,,,
2025,2,8,23,23,14,5969,CAYMAN IS; HONDURAS,17.702,-82.456,10,7.6,,,,
2025,3,25,1,43,12,5996,NEW ZEALAND:  OFF WEST COAST OF SOUTH ISLAND,-46.708,165.933,21,6.7,,,,
2025,3,28,6,20,52,,MYANMAR (BURMA); THAILAND,22.011,95.936,10,7.7,10,3815,5145,10970
2025,3,30,12,18,47,6000,TONGA TRENCH,-20.329,-173.907,29,7,,,,
2025,4,23,9,49,10,6014,"TURKEY: ISTANBUL, BURSA, TEKIRDAG",40.84,28.142,10,6.2,,,236,
2025,4,25,11,44,55,6019,ECUADOR:  ESMERALDAS,1.105,-79.535,35,6.3,,,49,
2025,5,2,12,58,26,6024,CHILE: DRAKE PASSAGE,-56.782,-68.209,10,7.4,,,,
2025,5,22,3,19,35,6029,GREECE:  CRETE,35.811,25.858,64,6.2,,,,
2025,6,8,13,8,5,,COLOMBIA: CUNDINAMARCA,4.512,-73.155,9,6.3,,,,
2025,7,16,20,37,39,6037,ALASKA,54.549,-160.472,20,7.3,,,,
2025,7,20,6,49,4,6062,RUSSIA:  KAMCHATKA PENINSULA,52.83,160.682,34,7.4,,,,
2025,7,29,23,24,52,6044,RUSSIA:  KAMCHATKA PENINSULA,52.512,160.324,35,8.8,8,1,13,
2025,8,10,16,53,47,,TURKEY: BALIKESIR,39.312,28.069,10,6.1,,1,29,
2025,8,22,2,16,19,6047,CHILE: DRAKE PASSAGE,-60.186,-61.821,10,7.5,,,,
2025,8,31,19,17,34,,"AFGHANISTAN: KUNAR, NANGARHAR",34.706,70.793,8,6,8,2205,3640,
2025,9,18,18,58,13,6061,RUSSIA:  KAMCHATKA PENINSULA,53.193,160.513,19,7.8,,,,
2025,9,30,13,59,43,,"PHILIPPINES: CEBU, CENTRAL VISAYAS",11.151,124.138,10,6.9,,69,150,